{
	"info": {
		"_postman_id": "bd889a2d-ae59-43ad-9dae-2efaaf8ecc00",
		"name": "TeacherTest",
		"schema": "https://schema.getpostman.com/json/collection/v2.1.0/collection.json"
	},
	"item": [
		{
			"name": "POST localhost:8080/teacher.ctl",
			"event": [
				{
					"listen": "test",
					"script": {
						"id": "40375937-82eb-49a5-948c-7df7b59abb8d",
						"exec": [
							""
						],
						"type": "text/javascript"
					}
				}
			],
			"request": {
				"auth": {
					"type": "noauth"
				},
				"method": "POST",
				"header": [
					{
						"key": "Content-Type",
						"name": "Content-Type",
						"value": "application/x-www-form-urlencoded",
						"type": "text"
					}
				],
				"body": {
					"mode": "raw",
					"raw": "{\r\n        \"description\": \"硕士\",\r\n        \"id\": 2,\r\n        \"no\": \"01\",\r\n        \"remarks\": \"\"\r\n    }",
					"options": {
						"raw": {
							"language": "json"
						}
					}
				},
				"url": {
					"raw": "localhost:8080/teacher.ctl",
					"host": [
						"localhost"
					],
					"port": "8080",
					"path": [
						"teacher.ctl"
					]
				}
			},
			"response": []
		},
		{
			"name": "GET localhost:8080/teacher.ctl",
			"request": {
				"method": "GET",
				"header": [],
				"url": {
					"raw": "localhost:8080/teacher.ctl",
					"host": [
						"localhost"
					],
					"port": "8080",
					"path": [
						"teacher.ctl"
					]
				}
			},
			"response": []
		},
		{
			"name": "GET localhost:8080/teacher.ctl?id=1",
			"request": {
				"method": "GET",
				"header": [],
				"url": {
					"raw": "localhost:8080/teacher.ctl?id=1",
					"host": [
						"localhost"
					],
					"port": "8080",
					"path": [
						"teacher.ctl"
					],
					"query": [
						{
							"key": "id",
							"value": "1"
						}
					]
				}
			},
			"response": []
		},
		{
			"name": "DELETE localhost:8080/teacher.ctl?id=1",
			"request": {
				"method": "DELETE",
				"header": [],
				"url": {
					"raw": "localhost:8080/teacher.ctl?id=1",
					"host": [
						"localhost"
					],
					"port": "8080",
					"path": [
						"teacher.ctl"
					],
					"query": [
						{
							"key": "id",
							"value": "1"
						}
					]
				}
			},
			"response": []
		},
		{
			"name": "PUT localhost:8080/teacher.ctl",
			"request": {
				"method": "PUT",
				"header": [],
				"url": {
					"raw": "localhost:8080/teacher.ctl",
					"host": [
						"localhost"
					],
					"port": "8080",
					"path": [
						"teacher.ctl"
					]
				}
			},
			"response": []
		}
	],
	"protocolProfileBehavior": {}
}